arroz,feijao,oleo,cafe,acucar,leite,macarrao
0,1,1,0,1,0,0
0,0,0,0,0,1,0
1,0,0,0,1,0,1
0,0,0,1,1,0,1
0,0,0,1,0,0,1
1,0,1,0,1,0,0
0,0,0,0,1,0,0
1,1,0,0,0,0,0
1,1,0,0,0,1,0
0,0,0,0,1,0,1
0,1,0,1,0,0,0
1,0,1,1,0,1,0
0,0,1,0,0,0,1
0,1,1,1,0,0,0
0,0,1,0,0,0,0
1,1,0,0,1,0,1
0,0,1,0,0,1,0
0,1,0,1,0,0,1
0,1,1,1,0,1,0
0,0,0,1,0,0,0
1,0,0,0,0,1,0
0,0,1,1,1,0,0
1,1,0,0,0,0,1
0,1,1,0,0,0,0
1,0,1,1,1,0,0
0,1,1,1,1,1,0
0,0,0,0,0,0,1
0,0,1,1,1,1,1
0,0,0,1,1,0,1
0,1,0,0,0,1,0
0,1,0,0,1,1,0
1,1,0,1,1,0,1
1,0,1,0,0,1,0
1,0,1,1,0,0,0
1,0,1,1,0,1,0
0,0,1,1,0,0,1
0,0,0,0,1,0,1
0,1,1,0,1,0,1
1,0,1,0,0,0,0
1,0,0,0,0,0,0
0,0,0,0,1,1,1
0,0,0,1,1,0,1
0,1,0,0,1,0,0
0,1,0,0,0,0,1
1,0,1,1,0,1,0
0,0,0,1,0,1,0
0,0,1,0,0,0,0
0,0,0,0,0,0,0
0,0,0,0,0,0,0
0,0,0,0,0,0,1
1,0,0,1,0,0,0
0,0,1,1,0,0,0
1,0,0,1,0,0,1
0,1,0,0,0,0,1
1,0,0,0,0,1,0
0,0,0,0,0,1,1
1,1,0,0,0,1,1
0,0,0,0,1,0,0
1,0,0,0,0,0,1
0,0,1,0,0,0,1
1,0,0,0,0,0,1
0,1,0,0,1,0,0
0,0,1,1,0,1,1
0,1,0,0,0,0,0
0,0,0,0,1,0,0
0,0,0,1,0,0,1
1,1,1,0,1,0,1
0,0,0,1,0,1,0
0,1,1,0,0,0,1
0,1,1,1,0,1,0
0,0,0,0,0,0,1
0,0,1,1,0,0,1
0,0,1,0,0,0,0
1,0,0,0,0,0,0
0,1,0,1,0,0,0
0,0,0,0,1,0,0
1,0,0,1,0,0,0
1,1,0,0,0,0,1
1,1,0,0,0,1,0
1,0,1,0,0,0,1
0,0,0,0,0,1,0
0,0,0,0,0,0,0
1,0,0,1,1,0,1
0,1,0,1,0,0,0
1,1,0,1,1,0,1
0,0,1,0,0,0,1
0,1,1,0,0,1,1
1,0,0,0,0,0,0
0,1,0,0,0,0,1
1,0,0,1,1,1,1
1,1,0,0,1,0,0
1,1,0,0,1,0,1
0,0,0,0,1,1,0
0,0,0,0,1,0,0
1,0,0,1,1,0,0
1,0,0,0,0,0,1
1,0,0,1,0,1,1
1,0,0,1,0,1,0
0,0,0,0,0,1,1
1,0,0,1,1,0,0
1,0,0,0,0,0,0
1,0,0,0,0,0,0
1,1,1,0,0,0,1
0,0,0,1,0,0,0
0,0,1,1,1,0,0
0,0,1,1,0,1,1
1,0,0,1,0,1,0
0,0,0,1,1,1,0
0,0,0,1,0,1,0
0,1,0,0,1,0,0
0,0,0,0,0,0,0
0,1,0,0,0,1,1
0,0,1,1,0,1,0
0,1,0,1,0,1,0
0,1,1,0,1,0,0
1,0,1,0,0,0,1
0,0,0,0,0,0,0
0,0,0,1,1,0,0
1,1,0,1,0,0,1
1,0,0,1,0,1,0
0,1,0,0,0,0,0
0,0,0,0,0,1,1
0,0,0,0,0,0,0
0,0,0,0,0,0,1
0,0,1,1,1,1,0
1,1,0,1,1,0,0
0,0,0,1,0,1,1
0,0,1,0,0,0,1
0,0,0,0,1,1,1
1,1,0,0,1,0,1
0,1,0,1,0,1,1
0,0,0,1,1,0,1
1,0,0,0,0,1,0
0,1,0,0,0,0,0
0,1,1,1,0,1,0
0,0,0,0,0,1,0
1,0,0,1,0,0,0
0,0,0,0,0,0,0
0,1,1,0,1,0,0
1,0,1,0,0,1,0
1,0,1,0,1,0,0
0,0,0,1,0,0,0
0,0,0,0,1,1,1
0,0,0,1,0,0,0
0,0,0,0,0,0,1
0,0,1,0,1,1,0
0,1,0,1,0,0,0
0,1,0,1,1,0,0
0,0,0,0,1,0,0
0,0,0,0,0,1,0
0,0,1,0,0,0,0
0,1,0,0,1,1,0
1,0,1,0,0,0,0
1,0,1,1,1,0,1
0,0,1,1,0,0,1
0,1,0,1,0,0,1
1,1,1,0,0,1,1
0,0,1,1,0,1,0
1,0,0,1,1,1,1
1,0,0,1,0,0,0
0,0,1,1,0,0,0
0,0,0,0,0,1,0
1,0,0,0,0,1,0
0,0,0,1,0,0,0
0,0,1,0,0,0,1
0,0,0,1,0,0,0
1,0,1,0,1,0,0
0,0,0,0,0,1,1
0,1,0,1,0,1,1
0,0,0,0,0,0,0
0,0,1,0,1,0,0
0,1,0,1,1,0,0
1,0,0,1,0,0,0
1,0,0,1,0,0,0
0,0,1,0,0,0,0
0,1,1,0,1,0,1
1,0,0,1,0,1,1
0,1,0,0,0,0,0
1,0,1,0,1,0,1
0,1,0,1,0,0,0
1,0,0,0,0,1,1
1,0,0,1,0,0,0
0,0,1,1,0,0,0
0,0,1,0,0,0,0
1,0,0,0,1,0,1
1,1,0,0,1,1,0
0,0,0,1,1,0,0
0,1,0,1,0,0,0
1,0,1,0,0,0,1
0,0,1,0,1,1,0
0,0,1,1,0,1,1
0,0,1,1,0,0,0
0,0,0,0,0,1,1
1,1,0,0,0,1,0
0,1,0,1,0,1,0
1,1,0,0,0,0,1
0,1,1,0,1,0,0
0,1,0,0,1,0,1
1,1,1,0,0,0,0
1,0,0,1,0,1,1
1,0,0,0,1,1,0
1,0,1,1,1,0,0
0,0,0,0,0,0,1
0,0,0,1,0,0,1
0,0,0,0,0,1,1
1,1,0,0,0,0,1
0,1,0,0,0,0,0
0,1,1,0,0,1,0
0,0,1,0,0,1,0
0,0,1,0,1,0,1
0,1,1,0,0,0,0
1,1,1,0,0,0,1
0,1,0,1,0,1,1
1,0,0,0,0,1,0
0,1,0,0,0,1,0
0,0,1,1,0,0,0
0,1,0,0,0,1,0
1,1,0,0,1,0,1
1,0,0,1,0,0,0
1,0,0,1,0,1,0
0,0,0,1,1,0,0
1,0,1,0,0,1,1
1,0,0,1,0,1,1
0,0,0,0,0,1,0
0,0,0,1,0,1,0
0,1,0,0,0,0,1
0,1,0,0,1,0,0
0,0,0,0,0,1,0
1,0,0,0,0,0,1
0,1,1,0,0,0,1
0,1,1,0,0,1,1
0,0,0,0,0,0,0
1,0,0,0,0,1,0
1,0,0,0,0,0,1
0,0,0,0,0,1,0
1,1,0,1,1,0,0
1,0,1,0,0,1,0
0,1,1,0,0,0,1
0,0,0,0,0,0,1
0,0,0,0,0,0,0
1,1,0,1,1,0,0
1,0,0,0,1,1,0
0,0,0,0,0,1,0
1,0,0,1,0,1,0
1,1,1,0,0,1,0
1,0,0,0,1,0,0
0,1,0,0,0,0,0
0,0,1,0,1,0,0
0,0,1,0,1,1,1
0,0,0,0,0,0,1
1,1,1,0,1,0,0
0,0,0,1,0,0,0
0,0,0,1,0,0,1
1,1,0,0,0,1,1
0,0,1,0,0,1,0
0,1,0,0,0,0,0
0,1,0,0,1,0,0
0,1,1,0,0,1,0
0,1,0,1,0,1,1
0,0,0,0,0,0,0
1,1,1,0,1,0,0
1,1,0,0,1,0,1
0,1,0,1,0,0,1
0,0,1,1,0,0,0
1,0,1,0,1,1,0
0,0,1,0,0,1,1
0,0,0,0,0,0,1
0,1,1,0,0,1,1
0,0,0,1,0,0,0
0,0,0,1,0,1,0
1,1,0,0,1,0,1
0,0,1,1,1,1,1
0,0,1,1,0,0,0
1,1,0,0,0,1,0
1,0,0,1,0,1,0
1,0,0,1,0,0,0
0,0,0,0,0,1,0
0,0,0,0,0,1,1
0,0,1,0,1,1,0
1,0,0,1,0,1,0
0,0,1,0,0,1,0
1,1,0,1,0,1,0
1,0,0,1,0,0,0
0,1,1,1,0,0,0
1,0,0,1,0,1,1
0,0,0,0,0,1,1
0,1,0,0,0,0,0
1,0,0,0,0,1,1
0,1,1,1,0,0,0
0,0,0,0,0,0,0
1,0,0,0,0,1,0
0,1,0,0,0,0,0
1,1,0,0,1,0,0
0,0,1,0,0,0,0
0,0,1,1,0,1,0
0,0,0,0,1,1,0
0,1,0,0,1,0,1
0,0,0,1,0,0,1
0,0,1,0,1,0,0
0,0,0,0,0,1,0
1,0,0,0,0,1,0
0,1,0,0,0,0,0
1,0,0,0,1,0,0
0,0,0,1,1,0,0
0,0,0,0,0,0,1
0,0,0,0,0,0,0
1,0,1,1,0,1,0
0,1,0,0,0,1,0
0,1,1,0,1,1,0
0,1,1,0,0,0,1
0,0,1,0,0,0,1
1,0,0,0,0,0,1
0,1,0,0,1,0,0
1,0,0,0,1,0,0
0,1,1,0,1,0,1
0,0,0,1,1,1,0
0,0,0,1,0,1,1
0,0,0,1,0,0,1
0,0,1,1,0,0,1
0,1,1,0,1,0,0
0,1,0,1,0,0,0
1,0,0,1,0,0,1
0,0,0,1,0,1,1
0,0,1,1,0,1,1
1,1,0,0,0,1,0
0,1,0,0,0,1,0
0,0,0,0,1,0,1
0,1,0,0,0,0,1
0,0,0,1,0,0,1
0,1,0,0,1,0,0
0,0,0,0,0,0,0
0,0,0,1,0,1,1
0,1,1,0,1,1,1
0,0,0,0,0,0,0
0,0,0,1,0,1,0
1,0,0,1,0,1,0
1,1,0,1,0,1,1
0,0,0,1,0,0,0
1,0,0,0,1,0,1
0,0,0,0,0,0,1
0,1,0,1,0,0,0
0,1,0,0,0,0,1
0,0,0,0,0,0,0
1,0,1,0,1,1,1
0,0,1,0,1,0,1
0,1,0,1,0,0,0
1,0,0,0,0,1,1
1,0,1,1,1,0,1
0,1,0,0,0,0,1
0,0,0,0,0,0,0
1,0,1,0,0,0,0
0,1,1,0,1,1,1
0,0,0,1,0,0,0
0,0,0,0,0,0,0
0,1,0,0,0,1,0
0,0,0,0,0,0,0
1,1,1,0,0,1,0
0,1,0,0,1,0,0
1,0,0,1,0,0,0
0,1,1,1,0,1,1
0,0,1,0,0,0,1
1,0,0,1,0,0,0
0,0,1,0,0,1,0
0,0,1,0,0,1,1
0,0,1,0,0,0,0
1,1,0,0,1,1,0
1,1,0,0,0,0,0
0,0,0,0,0,0,1
0,1,0,0,0,0,1
0,1,0,1,0,0,1
0,0,0,0,0,0,0
0,1,0,0,0,1,1
0,0,1,0,0,0,0
0,1,0,0,0,1,0
1,0,0,1,1,0,0
0,0,1,1,0,1,0
0,0,1,0,1,0,0
0,1,1,0,0,0,1
0,0,0,0,0,1,0
0,0,1,1,0,0,0
1,0,0,0,1,1,0
1,1,0,0,0,0,0
0,0,0,1,1,0,0
0,0,1,0,0,0,0
0,0,0,0,1,1,1
0,0,0,0,0,1,0
0,1,0,0,0,0,0
0,1,0,0,0,0,1
1,0,1,0,0,0,0
1,0,1,0,0,0,0
0,1,1,0,1,0,0
0,1,1,1,0,0,0
1,0,0,0,0,1,0
0,1,0,0,0,0,0
1,0,0,0,0,0,0
1,1,0,0,0,0,0
1,0,1,1,0,0,0
1,0,1,0,1,1,0
0,0,0,1,1,0,1
1,1,0,0,0,0,1
0,0,0,1,1,0,1
1,1,1,1,0,1,0
0,0,1,1,0,0,0
0,1,1,1,1,0,1
0,0,1,1,0,1,1
0,1,1,1,0,0,0
0,0,1,0,0,0,0
0,0,0,0,0,0,0
0,0,0,1,1,1,0
1,0,0,0,0,0,0
1,0,0,1,1,1,1
1,0,0,1,1,0,0
0,0,1,1,0,1,1
0,1,0,1,0,0,1
0,0,0,0,0,0,0
1,0,0,0,1,0,1
0,0,0,1,1,0,0
0,0,1,1,0,0,0
0,0,0,0,1,1,0
0,0,0,0,0,0,0
0,1,0,1,1,0,1
0,0,0,0,1,0,1
0,0,1,1,0,0,0
1,1,1,1,1,1,1
0,0,0,0,1,0,0
0,1,0,0,1,1,1
1,1,1,0,0,0,0
1,0,0,1,0,0,0
1,0,0,1,0,0,0
1,1,0,0,0,1,1
1,1,0,1,0,0,0
0,0,0,0,0,0,0
0,1,1,0,1,0,0
0,1,0,1,0,0,0
1,0,0,1,1,0,0
0,1,1,1,0,0,0
0,1,1,1,0,0,0
1,0,1,0,0,0,1
0,0,0,1,0,0,0
0,0,0,1,0,0,0
0,0,0,0,0,1,0
0,0,0,1,0,0,0
1,0,1,1,1,0,0
0,0,0,1,0,0,1
0,0,1,0,0,0,0
1,0,1,0,0,0,1
0,0,1,1,0,0,0
0,0,1,0,0,0,0
0,0,0,0,0,0,1
1,1,1,0,0,1,0
0,0,1,0,0,1,1
1,0,0,0,1,1,0
0,1,1,0,1,0,1
1,0,1,0,0,1,1
1,0,0,0,0,0,0
0,1,1,1,0,1,0
1,0,0,1,0,0,0
0,0,0,0,1,1,0
0,0,0,0,1,0,0
1,0,0,0,1,0,0
1,1,0,0,0,1,0
1,0,0,0,0,1,0
0,1,1,0,0,1,1
1,1,1,0,1,0,0
0,0,0,1,1,1,0
0,0,0,0,0,0,0
0,0,0,0,1,1,1
0,0,1,0,0,1,1
0,1,0,0,0,0,0
0,0,1,0,0,1,0
0,1,0,1,0,1,0
0,0,1,0,1,0,1
1,0,1,0,1,0,1
1,0,0,0,0,0,0
0,1,1,0,0,0,0
1,1,0,0,1,1,1
0,0,0,0,0,1,0
1,1,0,0,0,0,1
0,1,1,1,0,1,0
1,0,0,1,1,1,1
1,0,0,1,0,1,0
1,0,0,0,1,0,0
0,1,0,0,0,1,0
0,0,0,0,0,0,0
0,0,0,0,1,1,0
0,0,1,0,0,0,1
0,1,0,0,0,1,1
0,1,0,0,0,0,0
0,0,0,0,1,0,0
0,1,0,0,0,0,1
1,1,0,0,1,0,1
0,0,1,0,1,0,1
1,0,0,1,1,0,0
1,1,0,1,0,0,0
0,0,1,1,0,0,0
0,0,0,1,1,1,0
0,0,0,0,0,0,0
1,0,0,0,1,1,0
1,0,1,1,1,1,0
1,0,1,1,0,0,1
0,1,0,1,0,1,0
1,0,1,0,1,1,1
0,0,0,1,1,0,0
1,0,1,0,1,1,1
0,0,0,0,0,1,1
0,0,0,1,0,0,0
0,0,0,0,0,1,1
0,0,1,0,0,0,0
1,1,0,0,0,1,0
0,0,1,1,0,0,1
1,0,0,0,0,0,1
0,1,0,0,0,1,0
1,1,0,1,0,1,0
0,0,0,1,0,0,0
1,0,0,1,0,0,0
0,0,0,0,0,0,0
1,1,0,0,1,0,0
0,0,0,1,0,0,0
0,0,0,1,0,1,0
0,0,0,0,0,0,0
1,1,0,0,1,0,0
1,0,0,1,0,1,1
0,0,0,1,1,0,0
0,0,0,1,0,0,0
1,1,0,0,0,0,0
0,0,1,0,0,0,0
0,1,0,0,0,0,1
0,0,0,1,1,0,0
0,0,0,0,1,1,1
0,0,0,0,1,0,1
0,0,1,0,0,0,1
0,1,1,1,1,0,1
1,0,0,0,0,1,1
0,1,0,0,1,1,0
1,0,0,0,0,0,0
1,0,0,0,0,0,0
0,0,0,1,0,1,0
1,1,0,0,0,1,0
0,0,1,1,0,1,0
1,0,0,0,1,1,0
1,0,0,0,0,0,0
0,1,1,1,1,1,0
0,0,0,0,1,0,0
1,1,0,0,0,0,0
0,0,1,1,0,1,1
1,1,0,0,1,1,0
0,1,0,0,0,0,0
1,0,1,0,1,1,0
1,1,1,0,0,1,0
1,0,0,1,0,1,1
1,0,1,0,0,0,0
0,0,0,0,0,0,1
0,0,0,0,0,0,1
1,0,0,0,1,0,1
0,0,1,1,0,0,1
0,1,0,1,0,0,0
0,1,1,0,1,0,0
1,0,0,0,0,0,1
1,0,1,0,0,1,1
0,1,0,1,0,1,0
1,1,1,0,1,0,0
0,0,0,1,1,0,1
0,0,0,0,0,1,0
0,1,0,1,1,0,1
0,0,1,0,1,0,1
0,1,0,1,1,1,0
1,0,1,0,0,1,0
0,0,1,0,0,1,0
0,0,0,1,0,1,1
0,0,1,1,0,0,0
1,0,1,0,1,0,1
0,0,0,0,0,1,0
1,0,0,0,1,0,0
1,0,0,1,1,0,0
0,0,1,0,0,0,1
0,1,0,0,0,1,0
0,1,1,1,1,0,0
1,1,1,1,1,0,0
1,0,1,0,0,0,0
0,0,1,0,1,1,1
1,1,0,0,0,0,1
0,0,1,0,1,0,0
0,0,0,1,1,0,1
1,1,0,1,0,0,1
1,0,1,0,0,1,0
0,1,0,0,1,1,0
0,1,0,1,0,0,0
1,0,0,1,1,0,1
1,0,0,1,1,1,0
0,0,0,1,0,1,1
0,1,0,1,0,0,0
1,0,0,1,0,1,0
1,0,0,0,1,1,0
0,0,1,0,1,0,0
0,0,0,1,0,0,0
0,1,0,0,0,1,1
0,1,0,0,1,0,1
0,1,0,0,0,0,0
1,1,0,0,1,1,0
1,0,1,0,0,1,1
0,1,0,0,0,0,1
1,0,0,0,0,1,0
0,1,0,0,0,0,0
0,0,0,1,1,1,0
0,0,0,1,1,0,0
1,1,0,1,0,1,0
0,0,0,0,0,0,0
0,1,0,0,1,0,0
0,0,0,1,0,0,0
1,0,0,0,1,0,0
0,0,1,1,1,0,0
1,0,0,0,0,0,0
1,0,0,0,0,0,1
0,0,1,0,0,0,0
0,0,1,0,0,1,1
0,0,1,0,0,1,0
0,0,1,0,0,0,0
1,1,1,1,1,0,0
0,0,1,0,1,0,1
1,1,1,0,1,0,1
0,0,0,0,0,0,0
0,0,1,0,0,0,0
1,1,0,0,0,1,0
0,0,0,0,0,0,0
0,1,0,1,0,0,0
1,0,0,0,1,0,0
1,0,0,1,0,0,0
0,1,1,0,0,0,0
1,0,1,0,1,0,0
1,0,1,0,1,1,0
1,0,0,1,0,0,0
1,1,0,1,0,0,0
0,0,0,1,1,1,1
0,0,1,0,1,0,1
1,0,1,0,0,0,0
1,0,0,1,1,0,0
1,0,1,1,0,0,0
0,0,0,1,0,0,1
1,0,1,0,0,0,0
0,0,0,1,0,0,0
0,0,0,0,0,1,0
1,1,1,0,0,0,0
0,1,0,0,1,0,1
0,0,0,1,0,0,0
0,0,1,0,1,1,1
0,0,1,0,0,0,0
1,0,0,0,0,0,0
0,1,0,0,0,1,0
0,0,1,1,1,0,0
1,0,0,1,1,0,0
0,0,0,0,1,0,1
0,1,0,1,0,0,0
1,0,0,0,1,0,0
0,0,0,1,0,0,0
1,1,1,0,1,0,0
1,0,0,0,0,0,0
0,0,0,1,0,0,0
0,1,0,0,0,0,0
0,1,0,1,1,1,0
0,0,0,0,1,0,0
0,0,1,0,0,1,0
1,0,1,0,0,1,1
0,0,1,1,1,1,0
1,1,0,0,1,0,0
0,0,0,0,0,0,1
0,0,0,0,0,1,0
0,1,1,0,0,0,0
0,0,1,0,0,0,0
0,0,0,0,0,1,0
0,1,0,0,1,0,1
0,0,0,1,0,1,0
0,0,1,0,0,1,1
1,0,1,1,0,0,0
1,1,0,1,0,0,1
1,0,0,1,0,1,1
0,0,0,1,1,1,1
1,1,0,0,0,0,1
0,1,0,0,0,1,0
0,0,1,0,1,0,1
0,0,0,0,0,0,0
0,1,0,0,1,1,0
1,0,1,0,1,0,1
0,0,0,1,1,0,0
0,1,0,1,1,0,1
0,0,0,0,0,1,0
0,1,0,1,0,0,1
1,0,0,1,1,1,0
0,0,1,1,1,0,0
0,1,1,1,1,1,0
0,1,0,0,0,1,1
1,1,1,0,0,0,0
1,1,1,0,0,1,0
0,0,1,1,1,1,0
0,1,0,0,0,0,0
0,0,0,0,1,0,0
1,0,1,0,1,0,0
0,1,0,1,0,0,1
0,1,0,0,1,1,0
1,0,0,0,0,0,0
1,0,0,1,0,0,1
0,1,0,0,0,0,0
0,1,1,0,0,1,1
1,1,1,0,1,1,0
1,1,0,0,1,1,0
1,0,0,0,1,0,0
0,0,0,0,0,1,1
0,1,0,0,1,1,1
0,1,0,0,1,1,1
0,1,1,0,0,0,1
1,0,0,1,1,0,0
0,0,0,0,1,1,0
0,1,0,1,0,0,0
0,0,1,0,0,1,1
1,0,0,0,0,0,0
0,0,0,0,0,1,0
0,0,1,0,0,0,0
0,0,1,0,0,1,1
0,1,0,0,0,0,1
0,0,0,0,1,1,0
1,0,0,1,1,0,0
0,0,0,1,0,1,1
1,0,1,0,0,0,0
1,0,0,0,1,1,1
0,0,1,0,0,0,1
0,0,0,0,0,0,0
0,1,0,0,0,0,0
0,0,0,1,0,1,0
1,1,0,0,1,1,1
0,0,1,0,0,1,0
0,1,0,1,0,1,0
0,1,0,0,0,1,0
0,1,1,1,0,0,1
0,0,1,0,0,0,0
1,0,1,0,0,0,0
0,0,1,1,0,0,1
0,0,1,0,0,1,0
1,1,0,1,1,1,0
0,0,0,0,0,0,0
1,0,1,0,0,1,1
1,0,0,1,0,1,0
1,0,0,0,0,0,1
1,0,0,0,0,1,0
1,0,1,0,0,0,1
1,0,1,0,1,0,1
1,1,1,0,0,0,0
0,1,0,1,1,1,0
1,0,0,0,0,0,1
1,0,0,0,1,0,0
0,0,0,1,1,1,1
1,1,1,0,0,0,0
1,1,1,0,0,0,0
1,1,1,1,0,1,1
0,0,0,1,0,1,0
0,1,1,0,0,0,1
0,0,0,0,1,1,0
1,1,0,1,0,0,0
0,0,1,1,1,0,1
1,1,0,1,0,0,1
1,0,0,1,1,0,0
0,1,1,0,0,1,1
1,0,0,1,0,0,0
0,0,0,0,1,1,0
1,1,0,0,0,0,1
1,0,0,0,0,0,0
1,0,0,1,0,0,0
0,0,0,0,0,1,1
0,0,0,1,0,0,0
0,1,0,1,1,0,0
1,1,0,1,0,0,0
1,1,1,0,1,0,1
1,0,0,0,1,1,1
0,0,0,0,0,1,0
0,1,0,0,0,1,0
1,1,0,0,0,1,0
0,0,0,0,1,1,1
0,0,0,1,0,0,0
0,1,1,0,0,0,1
1,0,1,1,1,0,0
1,0,1,0,0,0,0
0,1,0,0,0,0,0
1,1,0,0,0,0,1
0,1,0,0,0,1,0
0,0,0,1,0,1,0
1,0,1,0,1,0,0
1,0,0,0,0,1,0
1,0,0,1,0,0,1
1,0,1,0,0,0,0
0,0,0,0,0,0,0
1,1,0,1,0,1,0
0,0,1,0,0,0,0
0,0,0,1,0,0,0
1,0,0,0,0,0,0
1,1,0,1,1,0,0
0,0,0,1,1,1,1
0,1,1,0,1,0,0
1,0,0,0,0,1,0
0,0,0,1,0,1,1
0,1,0,0,0,0,0
0,0,1,0,0,0,1
1,1,0,0,0,1,1
0,0,1,1,1,1,1
0,1,0,0,0,0,0
0,0,0,1,0,0,0
0,0,0,0,0,1,1
0,0,0,0,0,0,0
0,0,0,0,1,1,0
0,0,0,0,0,1,0
0,0,0,0,0,0,0
0,0,0,0,0,0,1
0,0,0,0,1,0,0
0,1,0,0,1,0,1
0,0,0,0,1,0,0
0,1,0,1,1,0,0
0,0,0,0,0,0,0
1,1,1,1,0,0,0
0,1,0,0,1,0,0
1,1,1,0,1,0,0
1,1,1,1,0,0,1
0,0,0,0,0,0,0
0,0,0,1,0,0,1
0,1,0,1,1,0,1
0,0,0,0,0,0,1
0,0,0,1,0,1,1
0,0,1,1,1,0,0
0,0,1,1,0,0,1
0,0,0,1,0,1,1
1,0,0,1,0,1,0
0,1,0,1,0,1,1
0,0,1,0,1,0,0
0,0,0,1,1,1,0
1,1,0,0,0,1,0
0,0,0,1,0,0,0
0,0,1,0,1,1,0
0,0,1,1,0,1,0
0,1,1,0,0,0,0
1,0,0,0,1,1,0
0,0,1,0,1,1,0
0,1,0,1,0,1,0
1,0,0,1,0,0,0
0,0,1,0,0,1,1
1,0,1,0,1,1,0
1,0,0,1,1,0,1
0,1,0,0,1,0,1
0,1,1,0,0,0,0
1,0,0,1,1,0,1
0,0,1,0,0,0,0
0,0,1,0,1,1,0
0,0,0,1,1,1,0
1,0,0,1,0,0,1
0,1,0,1,1,1,0
0,0,0,0,0,0,0
0,1,0,1,1,0,0
0,1,0,0,1,0,0
1,1,1,0,0,0,0
0,0,0,0,1,1,0
1,0,0,0,0,0,0
0,0,1,1,0,1,0
1,0,0,1,1,0,0
0,0,0,0,1,1,0
0,1,1,0,0,1,1
0,0,0,0,0,1,0
1,0,1,0,0,0,0
0,1,0,1,0,0,1
0,1,0,0,1,0,0
0,0,1,1,0,1,0
1,1,0,1,1,1,0
1,1,1,0,1,0,0
0,0,0,0,0,0,0
0,0,0,0,1,1,1
1,0,1,0,1,0,0
1,0,1,0,0,0,0
1,0,0,0,0,0,1
1,0,0,1,0,1,1
0,0,1,0,0,0,0
1,0,0,0,0,0,0
1,1,0,0,0,1,0
1,0,0,0,1,0,0
0,1,1,0,0,0,0
0,0,0,1,1,1,0
1,1,1,1,0,0,0
0,0,0,1,0,0,0
1,0,0,0,0,0,1
0,0,1,0,0,0,1
0,0,0,0,0,1,0
1,0,0,0,1,1,1
1,0,0,0,0,0,0
0,1,1,0,1,1,0
0,0,0,0,0,1,0
1,0,0,0,1,0,0
0,0,1,1,1,1,1
1,0,1,1,1,1,1
0,1,0,0,1,1,0
1,0,0,1,1,0,1
0,0,1,0,0,0,0
0,0,0,1,0,0,0
0,1,0,1,1,0,0
1,0,0,0,0,0,0
0,1,0,0,0,0,1
0,1,0,0,0,0,0
1,0,0,0,0,0,0
0,0,0,0,1,1,0
1,0,1,1,0,0,0
0,0,0,1,0,0,1
0,0,1,0,0,0,0
1,0,0,0,0,0,1
0,1,1,0,0,0,0
0,0,0,0,0,1,0
0,0,0,1,0,0,1
1,1,0,0,0,0,0
1,1,0,0,0,0,0
0,1,1,0,1,0,0
1,0,0,0,0,1,0
0,0,1,0,1,0,0
0,1,0,1,0,1,0
0,0,0,0,0,0,0
0,0,1,0,1,1,0
0,0,0,0,0,0,0
0,0,1,0,0,0,0
0,0,1,0,0,0,1
0,0,0,1,0,0,1
0,1,0,0,0,1,0
0,1,1,0,1,0,1
0,1,1,0,1,1,0
0,0,1,1,0,0,0
0,0,0,0,0,0,1
0,1,0,0,0,1,0
0,1,0,1,0,0,0
0,0,1,0,0,1,0
0,0,0,0,1,0,1
0,0,0,0,0,0,0
0,0,0,1,0,0,1
0,0,1,0,0,1,1
0,1,0,1,0,0,0
0,0,0,1,0,1,1
0,1,0,1,1,0,0
0,1,0,0,0,0,0
1,1,1,0,0,0,0
1,0,1,0,0,0,0
0,1,1,1,1,1,0
0,1,1,1,0,0,1
1,0,0,0,0,0,0
0,1,0,1,1,1,1
0,0,1,0,0,1,0
1,1,0,1,0,0,0
1,1,0,0,1,0,0
0,0,0,0,1,0,1
0,0,0,0,0,1,0
0,0,1,1,0,1,0
0,1,0,1,0,0,0
0,0,1,0,0,0,0
0,0,0,0,0,0,1
1,1,1,0,1,1,1
0,1,0,1,0,0,0
0,1,0,0,0,0,0
0,0,0,0,0,0,1
0,1,1,1,0,0,0
0,1,0,0,1,1,1
0,0,1,0,0,1,0
0,1,1,1,1,0,0
0,0,0,0,0,0,1
0,0,0,0,0,0,0
0,0,1,0,1,0,0
0,0,0,0,0,1,0
0,1,1,0,1,1,1
0,0,0,0,1,0,0
0,0,0,0,0,0,0
1,0,0,1,1,0,0
1,0,0,0,1,0,1
0,1,0,0,0,0,0
1,1,1,0,1,1,1
1,0,0,0,0,0,1
1,0,0,0,0,0,1
0,0,1,0,1,0,0
0,0,1,0,0,0,0
1,0,0,1,1,0,0
1,0,1,0,0,0,1
0,0,0,0,0,1,0
0,1,0,0,0,0,0
0,0,1,0,0,0,1
0,0,0,0,0,1,1
1,1,1,0,0,1,0
1,0,0,0,1,0,0
0,1,0,0,0,1,0
0,0,1,0,0,0,0
1,0,0,0,0,0,0
0,0,0,1,1,0,0
0,1,0,0,0,1,0
0,0,0,0,0,1,0
0,0,1,0,1,1,0
0,0,1,1,0,1,0
0,0,1,0,0,1,0
0,0,1,0,0,0,1
0,0,1,1,0,0,0
0,0,0,0,0,1,0
0,0,0,0,1,0,1
0,1,1,0,0,1,1
1,0,0,1,1,1,1
0,1,0,1,1,0,0
0,1,1,1,1,0,0
0,0,0,0,0,1,0
